{"cameraMode":{"drawMode":0,"name":"Shaded","section":"Shading Mode"},"sceneLighting":true,"audioPlay":false,"sceneViewState":{"m_AlwaysRefresh":false,"showFog":true,"showSkybox":true,"showFlares":true,"showImageEffects":true,"showParticleSystems":true,"showVisualEffectGraphs":true,"m_FxEnabled":true},"in2DMode":false,"pivot":{"x":2.409794807434082,"y":1.5351481437683106,"z":-2.8434972763061525},"rotation":{"x":0.2928917109966278,"y":0.33248400688171389,"z":-0.10944807529449463,"w":0.8897902965545654},"size":13.227849960327149,"orthographic":true}