{"cameraMode":{"drawMode":0,"name":"Shaded","section":"Shading Mode"},"sceneLighting":true,"audioPlay":false,"sceneViewState":{"showFog":true,"showMaterialUpdate":false,"showSkybox":true,"showFlares":true,"showImageEffects":true,"showParticleSystems":true},"in2DMode":false,"pivot":{"x":4.070733070373535,"y":1.5225003957748414,"z":-2.7893662452697756},"rotation":{"x":0.0646306648850441,"y":0.8635553121566773,"z":-0.11465609818696976,"w":0.4867813289165497},"size":3.6073946952819826,"orthographic":true}